-9.999999999999998890e-01,7.239161578519029971e-01,-9.999999999999998890e-01,9.999999999999998890e-01,-1.000000000000000000e+00,8.421956029204269445e-01,-7.694691959395867364e-01
5.970865248691764604e-01,9.567710823965547284e-01,-4.531817422758509517e-01,9.999999999999998890e-01,1.000000000000000000e+00,1.000000000000000000e+00,-5.273586830800290892e-01
8.683976282679994885e-02,1.000000000000000000e+00,-1.000000000000000000e+00,1.000000000000000000e+00,9.999999999999998890e-01,1.000000000000000000e+00,-1.000000000000000000e+00
-5.974863128950079760e-01,5.228247012521974879e-01,-1.000000000000000000e+00,9.819917359398803169e-01,9.999999999999998890e-01,9.999999999999998890e-01,-1.000000000000000000e+00
1.000000000000000000e+00,1.000000000000000000e+00,-7.523881561685045183e-01,9.999999999999998890e-01,1.000000000000000000e+00,1.000000000000000000e+00,9.999999999999998890e-01
9.999999999999998890e-01,1.000000000000000000e+00,-1.000000000000000000e+00,4.503313357339651102e-01,1.000000000000000000e+00,1.000000000000000000e+00,-1.000000000000000000e+00
-9.999999999999997780e-01,7.238619391562565175e-01,-1.000000000000000000e+00,4.341717233968716561e-01,4.925759631033082009e-01,1.000000000000000000e+00,-1.000000000000000000e+00
-9.999999999999998890e-01,7.238619391562575167e-01,-1.000000000000000000e+00,4.324821688771647299e-01,-1.000000000000000000e+00,1.000000000000000000e+00,-9.999999999999998890e-01
4.541326468123396687e-02,7.236981792183004858e-01,-9.999999999999998890e-01,4.314887461155684778e-01,1.000000000000000000e+00,1.000000000000000000e+00,-1.000000000000000000e+00
-9.999999999999997780e-01,7.238549156930886852e-01,-3.118929999422273211e-02,9.999999999999998890e-01,5.048640819058933804e-01,1.000000000000000000e+00,-1.000000000000000000e+00
-9.999999999999998890e-01,7.238518923224940282e-01,-1.000000000000000000e+00,4.185866162314003658e-01,-2.370550978177555224e-01,1.000000000000000000e+00,-1.000000000000000000e+00
-9.999999999999998890e-01,7.238518923224948054e-01,-7.904508032043090493e-01,1.000000000000000000e+00,-5.711088756188426041e-02,1.000000000000000000e+00,-1.000000000000000000e+00
-1.000000000000000000e+00,1.000000000000000000e+00,2.614322934113044172e-01,1.000000000000000000e+00,1.000000000000000000e+00,1.000000000000000000e+00,-1.000000000000000000e+00
-1.000000000000000000e+00,1.000000000000000000e+00,6.985427574590131750e-01,1.000000000000000000e+00,-1.000000000000000000e+00,1.000000000000000000e+00,-1.000000000000000000e+00
1.000000000000000000e+00,1.000000000000000000e+00,9.154862868625975036e-02,1.000000000000000000e+00,9.999999999999998890e-01,1.000000000000000000e+00,1.000000000000000000e+00
-9.999999999999998890e-01,1.000000000000000000e+00,-7.080897112384112457e-01,1.000000000000000000e+00,1.000000000000000000e+00,1.000000000000000000e+00,-1.000000000000000000e+00
-9.999999999999998890e-01,1.000000000000000000e+00,-2.691541558304440529e-01,1.000000000000000000e+00,-1.000000000000000000e+00,1.000000000000000000e+00,-9.999999999999998890e-01
-7.956896826810071488e-01,1.000000000000000000e+00,1.000000000000000000e+00,9.999999999999998890e-01,9.999999999999998890e-01,1.000000000000000000e+00,-6.225962559258475526e-01
-9.999999999999998890e-01,7.238497894603931337e-01,-1.000000000000000000e+00,4.403810954717173876e-01,1.000000000000000000e+00,1.000000000000000000e+00,-1.000000000000000000e+00
-1.000000000000000000e+00,1.000000000000000000e+00,8.099194726460771099e-01,9.999999999999998890e-01,6.516659289994942705e-01,9.999999999999998890e-01,-9.999999999999998890e-01
1.000000000000000000e+00,1.000000000000000000e+00,-1.000000000000000000e+00,1.000000000000000000e+00,1.000000000000000000e+00,1.000000000000000000e+00,-8.758139111914476915e-01
-2.005927515582719145e-01,9.999999999999998890e-01,4.520344872807054437e-01,1.000000000000000000e+00,1.000000000000000000e+00,1.000000000000000000e+00,1.000000000000000000e+00
1.000000000000000000e+00,9.999999999999998890e-01,-8.770398795150099458e-01,3.142107229094258658e-01,1.000000000000000000e+00,1.000000000000000000e+00,1.000000000000000000e+00
-9.999999999999998890e-01,7.238496856474112562e-01,-1.000000000000000000e+00,1.000000000000000000e+00,6.323034257305205630e-01,1.000000000000000000e+00,-1.000000000000000000e+00
-9.999999999999995559e-01,7.238496409593154768e-01,-1.000000000000000000e+00,4.186291490725984610e-01,1.366187144371260598e-01,9.999999999999996669e-01,-1.000000000000000000e+00
1.000000000000000000e+00,1.000000000000000000e+00,1.527258445831335965e-01,-2.035422598504657010e-01,1.000000000000000000e+00,1.000000000000000000e+00,9.999999999999997780e-01
-9.999999999999998890e-01,1.000000000000000000e+00,4.710414040331289409e-01,9.999999999999997780e-01,-6.531576130409970371e-02,9.999999999999998890e-01,-9.999999999999998890e-01
-9.999999999999998890e-01,7.238496409593146996e-01,-9.999999999999998890e-01,9.999999999999998890e-01,-3.097783473005833454e-01,9.999999999999998890e-01,-9.999999999999998890e-01
-5.420405628220802408e-01,9.999999999999998890e-01,-3.271889350249118089e-01,1.000000000000000000e+00,1.000000000000000000e+00,9.999999999999998890e-01,-1.000000000000000000e+00
9.999999999999998890e-01,1.000000000000000000e+00,1.000000000000000000e+00,-6.492625298868606176e-01,1.000000000000000000e+00,1.000000000000000000e+00,9.999999999999997780e-01
1.080851500641748231e-01,1.000000000000000000e+00,1.551930845249518964e-01,1.000000000000000000e+00,9.999999999999998890e-01,9.999999999999998890e-01,-1.000000000000000000e+00
-1.000000000000000000e+00,7.238496134417844452e-01,-5.029919837765538526e-01,1.000000000000000000e+00,-1.000000000000000000e+00,1.000000000000000000e+00,-1.000000000000000000e+00
3.743890553690024658e-01,1.000000000000000000e+00,-1.000000000000000000e+00,3.879110258566661473e-01,9.999999999999998890e-01,1.000000000000000000e+00,-1.000000000000000000e+00
-1.000000000000000000e+00,1.000000000000000000e+00,1.000000000000000000e+00,1.000000000000000000e+00,-1.000000000000000000e+00,1.000000000000000000e+00,-6.747418956153450331e-01
-1.000000000000000000e+00,7.238496134417790051e-01,-1.000000000000000000e+00,5.083997921501497430e-01,-6.827255022476872437e-01,1.000000000000000000e+00,-1.000000000000000000e+00
-4.233800373299061448e-01,1.000000000000000000e+00,-1.000000000000000000e+00,9.999999999999998890e-01,1.000000000000000000e+00,1.000000000000000000e+00,-1.000000000000000000e+00
-9.999999999999998890e-01,7.238496098771786125e-01,-1.000000000000000000e+00,8.252285677239888928e-01,-1.000000000000000000e+00,1.000000000000000000e+00,-1.000000000000000000e+00
-1.000000000000000000e+00,1.000000000000000000e+00,2.254681447648465564e-01,1.000000000000000000e+00,-1.000000000000000000e+00,1.000000000000000000e+00,-1.000000000000000000e+00
9.999999999999998890e-01,1.000000000000000000e+00,4.574567569581339255e-01,-6.665483478986183874e-02,9.999999999999998890e-01,9.999999999999998890e-01,9.999999999999998890e-01
-1.000000000000000000e+00,9.999999999999998890e-01,6.338595897446667182e-01,9.999999999999998890e-01,1.000000000000000000e+00,9.999999999999998890e-01,-5.392645163293173782e-01
-9.536675044885692398e-02,9.999999999999998890e-01,9.999999999999998890e-01,1.000000000000000000e+00,9.999999999999998890e-01,1.000000000000000000e+00,1.000000000000000000e+00
-7.797644435649526695e-01,9.999999999999998890e-01,-1.000000000000000000e+00,3.838967328852889715e-01,1.000000000000000000e+00,1.000000000000000000e+00,-9.999999999999998890e-01
-1.000000000000000000e+00,7.238496076822555914e-01,-3.582598180589861570e-01,9.999999999999998890e-01,1.569015761745725379e-01,9.999999999999995559e-01,-1.000000000000000000e+00
3.764814271436796589e-01,9.999999999999998890e-01,-7.656862464403186852e-01,9.999999999999997780e-01,1.000000000000000000e+00,9.999999999999998890e-01,-1.000000000000000000e+00
-1.000000000000000000e+00,9.890095610602089859e-01,3.020923571849351737e-03,9.999999999999998890e-01,6.295830742722695605e-01,1.000000000000000000e+00,-9.999999999999994449e-01
1.000000000000000000e+00,9.999999999999998890e-01,-3.470993174685695903e-01,4.109027720844570658e-02,9.999999999999998890e-01,1.000000000000000000e+00,9.999999999999998890e-01
-8.512646847870138922e-01,1.000000000000000000e+00,6.835085482347454944e-01,1.000000000000000000e+00,9.999999999999998890e-01,9.999999999999998890e-01,1.000000000000000000e+00
7.169569473025879658e-01,1.000000000000000000e+00,-1.000000000000000000e+00,3.701319364774215415e-01,1.000000000000000000e+00,1.000000000000000000e+00,-1.000000000000000000e+00
-9.999999999999998890e-01,7.238496073978493150e-01,-1.000000000000000000e+00,8.151312297882251645e-01,2.769770525217306600e-01,9.999999999999998890e-01,-1.000000000000000000e+00
-1.441009362164135388e-01,9.999999999999997780e-01,-1.221778706643459333e-01,1.000000000000000000e+00,1.000000000000000000e+00,9.999999999999998890e-01,-1.000000000000000000e+00
-9.999999999999997780e-01,9.999999999999997780e-01,3.863261127157319730e-01,1.000000000000000000e+00,-7.310369958558434744e-01,1.000000000000000000e+00,-1.000000000000000000e+00
4.395982838491436367e-02,1.000000000000000000e+00,-1.000000000000000000e+00,3.670467547476767289e-01,9.999999999999997780e-01,1.000000000000000000e+00,-1.000000000000000000e+00
-1.000000000000000000e+00,7.238496072753686228e-01,-1.000000000000000000e+00,4.155299318286224119e-01,7.625925247808036378e-01,1.000000000000000000e+00,-1.000000000000000000e+00
-1.000000000000000000e+00,9.872174905531971856e-01,-4.739749724628052746e-02,1.000000000000000000e+00,-8.156305277995429259e-01,1.000000000000000000e+00,-1.000000000000000000e+00
-1.000000000000000000e+00,9.999999999999998890e-01,1.000000000000000000e+00,1.000000000000000000e+00,-4.201817343554998252e-01,1.000000000000000000e+00,-4.748304125143403831e-01
1.000000000000000000e+00,1.000000000000000000e+00,-3.200474880969619851e-01,9.999999999999998890e-01,1.000000000000000000e+00,1.000000000000000000e+00,1.000000000000000000e+00
1.000000000000000000e+00,1.000000000000000000e+00,-1.000000000000000000e+00,3.840847388494609271e-01,1.000000000000000000e+00,1.000000000000000000e+00,9.252604758626359338e-02
-1.000000000000000000e+00,7.238496072001164849e-01,-7.615390744442342985e-01,1.000000000000000000e+00,-1.000000000000000000e+00,1.000000000000000000e+00,-1.000000000000000000e+00
-1.000000000000000000e+00,1.000000000000000000e+00,1.000000000000000000e+00,1.000000000000000000e+00,7.242924218308092188e-01,1.000000000000000000e+00,-6.916415304433761735e-01
-1.000000000000000000e+00,7.238496072001224801e-01,-3.482624350512310007e-01,1.000000000000000000e+00,-6.791773847509438022e-01,1.000000000000000000e+00,-1.000000000000000000e+00
9.999999999999996669e-01,1.000000000000000000e+00,8.861589199532760031e-01,5.044815119771341172e-02,1.000000000000000000e+00,1.000000000000000000e+00,9.999999999999996669e-01
9.999999999999998890e-01,1.000000000000000000e+00,4.600162113389042462e-01,1.000000000000000000e+00,1.000000000000000000e+00,1.000000000000000000e+00,1.000000000000000000e+00
-1.000000000000000000e+00,7.238496071904850782e-01,-9.999999999999996669e-01,5.247906156244632747e-01,-8.763733992338647028e-01,1.000000000000000000e+00,-1.000000000000000000e+00
-5.124649288352280951e-01,1.000000000000000000e+00,-1.000000000000000000e+00,3.753760544552267042e-01,1.000000000000000000e+00,1.000000000000000000e+00,-1.000000000000000000e+00
-1.000000000000000000e+00,7.238496071860567316e-01,-7.288951656528851464e-01,1.000000000000000000e+00,8.044947884250638337e-01,1.000000000000000000e+00,-1.000000000000000000e+00
-9.166595119045540807e-01,8.912373226230375645e-01,-1.000000000000000000e+00,3.885101073984573716e-01,1.000000000000000000e+00,1.000000000000000000e+00,-1.000000000000000000e+00
-1.000000000000000000e+00,1.000000000000000000e+00,1.127595172303482440e-01,9.999999999999998890e-01,-2.100575723971514486e-01,1.000000000000000000e+00,-1.000000000000000000e+00
-1.000000000000000000e+00,1.000000000000000000e+00,8.141168586073295188e-01,9.999999999999998890e-01,-6.042990658442214391e-01,1.000000000000000000e+00,-1.000000000000000000e+00
-1.000000000000000000e+00,7.238496071840192503e-01,-9.999999999999998890e-01,4.154516750484193444e-01,-4.578285714774507076e-01,1.000000000000000000e+00,-9.999999999999998890e-01
-1.000000000000000000e+00,9.999999999999998890e-01,6.334070374555709204e-01,9.999999999999998890e-01,3.748095910164054301e-01,1.000000000000000000e+00,-1.000000000000000000e+00
-2.698983231671650551e-01,1.000000000000000000e+00,8.274611788467833851e-01,9.999999999999998890e-01,1.000000000000000000e+00,9.999999999999998890e-01,1.000000000000000000e+00
-9.999999999999998890e-01,7.238496071840423429e-01,-9.999999999999998890e-01,8.072519762168910429e-01,-4.920655011950770263e-01,1.000000000000000000e+00,-1.000000000000000000e+00
9.999999999999998890e-01,1.000000000000000000e+00,-3.829894894697896679e-01,1.000000000000000000e+00,1.000000000000000000e+00,9.999999999999998890e-01,-7.515559403913395498e-01
-9.999999999999998890e-01,7.238496071839065626e-01,-9.999999999999998890e-01,8.054472977508045917e-01,1.000000000000000000e+00,1.000000000000000000e+00,-1.000000000000000000e+00
-6.698678281489073294e-01,9.635059378822634635e-01,-9.999999999999998890e-01,8.259994916538955234e-01,1.000000000000000000e+00,9.999999999999998890e-01,-1.000000000000000000e+00
-1.000000000000000000e+00,1.000000000000000000e+00,5.575236442370544721e-01,1.000000000000000000e+00,1.000000000000000000e+00,1.000000000000000000e+00,6.525551832439420163e-01
4.326143922828648014e-01,9.999999999999998890e-01,2.425136293378172547e-01,9.999999999999998890e-01,1.000000000000000000e+00,1.000000000000000000e+00,1.000000000000000000e+00
-1.000000000000000000e+00,7.238496071831963530e-01,-2.678419079425025662e-01,9.999999999999998890e-01,-1.000000000000000000e+00,9.999999999999998890e-01,-1.000000000000000000e+00
6.048658861503842799e-01,1.000000000000000000e+00,-1.000000000000000000e+00,8.245229263930885510e-01,1.000000000000000000e+00,1.000000000000000000e+00,-1.000000000000000000e+00
-1.000000000000000000e+00,7.238496071833052659e-01,-5.712845490907250134e-01,1.000000000000000000e+00,7.238415314681329038e-02,9.999999999999998890e-01,-9.999999999999998890e-01
-1.000000000000000000e+00,9.999999999999998890e-01,-3.801286612961871647e-01,9.999999999999998890e-01,1.000000000000000000e+00,1.000000000000000000e+00,-9.999999999999998890e-01
-1.000000000000000000e+00,8.352208640664898764e-01,-1.309560611740103186e-01,1.000000000000000000e+00,-1.083683551100270842e-01,1.000000000000000000e+00,-1.000000000000000000e+00
-9.999999999999997780e-01,7.238496071833228074e-01,-1.000000000000000000e+00,6.828099142692615198e-01,-3.046132801762167774e-02,1.000000000000000000e+00,-1.000000000000000000e+00
-1.000000000000000000e+00,7.238496071835635037e-01,-4.001622520291870377e-01,1.000000000000000000e+00,7.011160251856386472e-01,1.000000000000000000e+00,-1.000000000000000000e+00
9.999999999999998890e-01,9.999999999999998890e-01,-6.227329073620871958e-01,2.207178257492631579e-01,1.000000000000000000e+00,1.000000000000000000e+00,1.000000000000000000e+00
-1.243915043078842458e-01,1.000000000000000000e+00,-5.117612709823935457e-01,1.000000000000000000e+00,1.000000000000000000e+00,1.000000000000000000e+00,-1.000000000000000000e+00
-2.493018697262366357e-01,1.000000000000000000e+00,-9.002654954409998744e-01,1.000000000000000000e+00,1.000000000000000000e+00,1.000000000000000000e+00,-1.000000000000000000e+00
1.000000000000000000e+00,1.000000000000000000e+00,5.803218701580923344e-01,-4.405815751744287523e-01,9.999999999999998890e-01,9.999999999999998890e-01,9.999999999999998890e-01
-9.999999999999998890e-01,1.000000000000000000e+00,2.178425605246150226e-02,1.000000000000000000e+00,-4.464862214320262090e-01,1.000000000000000000e+00,-1.000000000000000000e+00
9.999999999999998890e-01,1.000000000000000000e+00,-8.968042578520385444e-02,-9.683852208435139719e-02,1.000000000000000000e+00,1.000000000000000000e+00,1.000000000000000000e+00
-1.000000000000000000e+00,7.252861952858395966e-01,-1.000000000000000000e+00,4.152481741570381857e-01,-4.980426965108138843e-02,1.000000000000000000e+00,-1.000000000000000000e+00
-9.999999999999998890e-01,7.252861952860094608e-01,-1.000000000000000000e+00,4.150850422175197396e-01,-7.830919390176874773e-01,9.999999999999998890e-01,-1.000000000000000000e+00
5.462381921703943766e-01,1.000000000000000000e+00,-1.000000000000000000e+00,3.684278103685615924e-01,1.000000000000000000e+00,1.000000000000000000e+00,-1.000000000000000000e+00
-1.000000000000000000e+00,7.252861952860431005e-01,-1.000000000000000000e+00,6.739152338983074308e-01,-9.999999999999998890e-01,9.999999999999998890e-01,-9.999999999999998890e-01
-9.999999999999998890e-01,1.000000000000000000e+00,2.280967207995650559e-01,1.000000000000000000e+00,3.050989719358970231e-01,1.000000000000000000e+00,-1.000000000000000000e+00
9.999999999999997780e-01,1.000000000000000000e+00,-9.203264120473823029e-01,1.000000000000000000e+00,1.000000000000000000e+00,9.999999999999998890e-01,2.162828158162979908e-01
-5.370058235874889535e-02,1.000000000000000000e+00,-1.000000000000000000e+00,7.096455122285583172e-01,1.000000000000000000e+00,1.000000000000000000e+00,-9.999999999999998890e-01
-1.000000000000000000e+00,1.000000000000000000e+00,-6.611272537033222041e-02,1.000000000000000000e+00,1.000000000000000000e+00,1.000000000000000000e+00,-1.000000000000000000e+00
-2.322234038422556768e-01,1.000000000000000000e+00,9.549294206759262327e-02,1.000000000000000000e+00,1.000000000000000000e+00,1.000000000000000000e+00,1.000000000000000000e+00
-1.000000000000000000e+00,7.241158098548362565e-01,-9.551218514680032134e-01,1.000000000000000000e+00,1.000000000000000000e+00,1.000000000000000000e+00,-1.000000000000000000e+00
-9.999999999999998890e-01,9.999999999999998890e-01,1.550555736338072033e-01,9.999999999999998890e-01,9.999999999999998890e-01,1.000000000000000000e+00,-5.360791767655633672e-02
-1.000000000000000000e+00,9.645884878651140859e-01,4.907711872952142396e-01,1.000000000000000000e+00,-1.000000000000000000e+00,9.999999999999998890e-01,-1.000000000000000000e+00
-9.999999999999998890e-01,7.239641987068905493e-01,-1.000000000000000000e+00,4.252071434741164224e-01,3.199685004604062022e-01,9.999999999999998890e-01,-9.999999999999998890e-01
-1.000000000000000000e+00,1.000000000000000000e+00,3.512894542061607006e-01,1.000000000000000000e+00,-3.043007905368328436e-01,9.999999999999998890e-01,-1.000000000000000000e+00
1.000000000000000000e+00,1.000000000000000000e+00,-1.509154309625751200e-01,4.340233972074500346e-01,1.000000000000000000e+00,1.000000000000000000e+00,1.000000000000000000e+00
-1.000000000000000000e+00,7.571508650566369791e-01,2.755348025676693791e-01,1.000000000000000000e+00,-1.000000000000000000e+00,1.000000000000000000e+00,-1.000000000000000000e+00
-1.000000000000000000e+00,7.238989350771511955e-01,8.483602187106679959e-02,1.000000000000000000e+00,-1.000000000000000000e+00,1.000000000000000000e+00,-1.000000000000000000e+00
-9.999999999999998890e-01,7.238989350770492770e-01,-9.357915737763518038e-01,1.000000000000000000e+00,-7.831574770470182134e-01,9.999999999999998890e-01,-1.000000000000000000e+00
1.000000000000000000e+00,1.000000000000000000e+00,-4.118416972564845069e-02,9.133378907832200300e-01,9.999999999999998890e-01,1.000000000000000000e+00,1.000000000000000000e+00
-1.000000000000000000e+00,7.238708412258824110e-01,-1.000000000000000000e+00,9.772075417277539255e-01,-1.000000000000000000e+00,1.000000000000000000e+00,-1.000000000000000000e+00
-1.000000000000000000e+00,1.000000000000000000e+00,3.110202673310469290e-01,1.000000000000000000e+00,9.999999999999998890e-01,1.000000000000000000e+00,5.956799863206834189e-01
-9.999999999999998890e-01,7.238708412260539404e-01,-1.000000000000000000e+00,4.162368813942053380e-01,-1.000000000000000000e+00,1.000000000000000000e+00,-1.000000000000000000e+00
1.000000000000000000e+00,1.000000000000000000e+00,-1.000000000000000000e+00,3.677259524046712080e-01,1.000000000000000000e+00,1.000000000000000000e+00,-4.339463796987005906e-01
8.921416067508192160e-01,1.000000000000000000e+00,-1.000000000000000000e+00,3.677414136489877139e-01,1.000000000000000000e+00,1.000000000000000000e+00,-1.000000000000000000e+00
5.062768970978162031e-01,1.000000000000000000e+00,-5.366191195096725597e-01,1.000000000000000000e+00,1.000000000000000000e+00,1.000000000000000000e+00,-1.000000000000000000e+00
3.885064753252135406e-01,1.000000000000000000e+00,-1.000000000000000000e+00,7.377102710811539454e-01,1.000000000000000000e+00,1.000000000000000000e+00,-1.000000000000000000e+00
-1.411635283472061075e-01,1.000000000000000000e+00,-9.999999999999998890e-01,3.672061605517087934e-01,9.999999999999998890e-01,1.000000000000000000e+00,-9.999999999999998890e-01
-1.000000000000000000e+00,1.000000000000000000e+00,3.771120166725090428e-01,9.999999999999998890e-01,5.935783119630062554e-01,1.000000000000000000e+00,-1.000000000000000000e+00
-5.621820266279202727e-01,1.000000000000000000e+00,-5.874974584134751154e-01,1.000000000000000000e+00,1.000000000000000000e+00,1.000000000000000000e+00,-1.000000000000000000e+00
-9.350414626236192017e-01,1.000000000000000000e+00,1.000000000000000000e+00,1.000000000000000000e+00,1.000000000000000000e+00,1.000000000000000000e+00,1.000000000000000000e+00
9.999999999999998890e-01,9.999999999999998890e-01,-9.046095715222481903e-01,3.183613341504309413e-01,1.000000000000000000e+00,1.000000000000000000e+00,4.915955694459719916e-01
1.000000000000000000e+00,1.000000000000000000e+00,-1.461285911359216649e-01,1.000000000000000000e+00,1.000000000000000000e+00,1.000000000000000000e+00,-3.095268120409739865e-01
-1.000000000000000000e+00,7.238513009496164718e-01,-1.000000000000000000e+00,6.405669112381942032e-01,2.356559231045100566e-01,1.000000000000000000e+00,-1.000000000000000000e+00
9.999999999999998890e-01,1.000000000000000000e+00,-8.198823378429281883e-01,2.746314175087228859e-01,1.000000000000000000e+00,9.999999999999998890e-01,5.987528802656689741e-01
-9.999999999999997780e-01,7.238503362861339330e-01,-1.000000000000000000e+00,6.992666132042079097e-01,7.064549662565787758e-01,9.999999999999998890e-01,-1.000000000000000000e+00
-1.000000000000000000e+00,7.238503362871741009e-01,-1.000000000000000000e+00,4.143112420309072452e-01,-6.193539859907072342e-01,1.000000000000000000e+00,-1.000000000000000000e+00
-1.000000000000000000e+00,1.000000000000000000e+00,8.826949540759854163e-01,9.999999999999996669e-01,-9.999999999999997780e-01,7.930876192628703025e-01,-1.000000000000000000e+00
3.636196875335216405e-01,9.999999999999998890e-01,8.271006597212224865e-01,1.000000000000000000e+00,1.000000000000000000e+00,9.999999999999998890e-01,1.000000000000000000e+00
-1.000000000000000000e+00,1.000000000000000000e+00,8.270808744507538446e-01,9.999999999999997780e-01,-1.378517040877543509e-01,1.000000000000000000e+00,-1.000000000000000000e+00
-9.777799669129898508e-01,9.999999999999998890e-01,-1.000000000000000000e+00,1.000000000000000000e+00,9.999999999999998890e-01,1.000000000000000000e+00,-9.999999999999998890e-01
4.351942569437220465e-01,1.000000000000000000e+00,-1.743259449401947103e-01,1.000000000000000000e+00,1.000000000000000000e+00,9.999999999999998890e-01,-1.000000000000000000e+00
-9.999999999999998890e-01,7.238497422890539656e-01,-1.000000000000000000e+00,1.000000000000000000e+00,1.614448198251177968e-01,9.999999999999998890e-01,-1.000000000000000000e+00
-8.071920157210782376e-01,1.000000000000000000e+00,1.000000000000000000e+00,1.000000000000000000e+00,-8.513326792708448831e-01,8.072219400799762745e-01,-5.616609736811681852e-01
-1.000000000000000000e+00,9.999999999999996669e-01,8.720270172886142035e-01,1.000000000000000000e+00,-4.599082522054238620e-01,1.000000000000000000e+00,-9.152895042446613783e-01
-1.000000000000000000e+00,9.999999999999997780e-01,1.000000000000000000e+00,1.000000000000000000e+00,1.694414065370117850e-01,1.000000000000000000e+00,-6.826352793911429906e-01
1.000000000000000000e+00,1.000000000000000000e+00,5.516735129532482906e-01,3.884301677078875192e-01,1.000000000000000000e+00,1.000000000000000000e+00,1.000000000000000000e+00
-1.000000000000000000e+00,7.238496653398049929e-01,-6.772061952297667720e-01,1.000000000000000000e+00,-5.204902663305815969e-01,1.000000000000000000e+00,-1.000000000000000000e+00
1.000000000000000000e+00,9.999999999999998890e-01,7.917937529555942877e-01,-5.474328428504843247e-01,1.000000000000000000e+00,1.000000000000000000e+00,1.000000000000000000e+00
-1.000000000000000000e+00,1.000000000000000000e+00,5.137329637509161495e-01,1.000000000000000000e+00,1.000000000000000000e+00,9.999999999999998890e-01,-9.999999999999998890e-01
-1.000000000000000000e+00,7.238496322184363452e-01,-1.000000000000000000e+00,6.203208686378813841e-01,-3.991623550902768103e-01,1.000000000000000000e+00,-1.000000000000000000e+00
-9.999999999999998890e-01,7.238496322183434195e-01,-1.000000000000000000e+00,4.189782055005287775e-01,6.257561793880258572e-01,9.999999999999998890e-01,-1.000000000000000000e+00
-9.999999999999997780e-01,7.238496179607553094e-01,-2.226474554302000641e-01,1.000000000000000000e+00,-3.614129277260745843e-01,9.999999999999996669e-01,-9.999999999999997780e-01
4.207719608029538150e-01,9.999999999999997780e-01,5.204385729750143907e-01,1.000000000000000000e+00,1.000000000000000000e+00,9.999999999999998890e-01,9.999999999999997780e-01
9.999999999999998890e-01,1.000000000000000000e+00,3.669078084204701051e-01,-3.321786616179829288e-01,9.999999999999998890e-01,1.000000000000000000e+00,1.000000000000000000e+00
-1.000000000000000000e+00,8.810471336552999633e-01,-7.873037236979905928e-02,1.000000000000000000e+00,7.728079944656183198e-01,1.000000000000000000e+00,-1.000000000000000000e+00
-9.999999999999998890e-01,7.238496118936322832e-01,-6.316183379796190822e-01,9.999999999999998890e-01,-9.999999999999998890e-01,1.000000000000000000e+00,-1.000000000000000000e+00
-6.430801424269442235e-01,1.000000000000000000e+00,-1.000000000000000000e+00,3.679893832225688000e-01,1.000000000000000000e+00,1.000000000000000000e+00,-9.999999999999998890e-01
-8.301147320864875612e-01,9.357130450455032333e-01,-1.000000000000000000e+00,3.790286612011383172e-01,1.000000000000000000e+00,9.999999999999998890e-01,-1.000000000000000000e+00
-1.000000000000000000e+00,7.238496118962427506e-01,-1.000000000000000000e+00,4.151396373439987797e-01,-8.899957142566256030e-01,1.000000000000000000e+00,-1.000000000000000000e+00
2.176867779276625281e-01,1.000000000000000000e+00,-9.999999999999998890e-01,3.673262063999150340e-01,1.000000000000000000e+00,1.000000000000000000e+00,-1.000000000000000000e+00
6.605127541347507458e-01,1.000000000000000000e+00,5.668509053150411203e-01,1.000000000000000000e+00,1.000000000000000000e+00,1.000000000000000000e+00,1.000000000000000000e+00
1.000000000000000000e+00,1.000000000000000000e+00,6.877528428877589528e-01,-4.984164934227414689e-01,1.000000000000000000e+00,1.000000000000000000e+00,9.999999999999998890e-01
-4.460062617928386430e-01,1.000000000000000000e+00,-1.000000000000000000e+00,7.059341079686353160e-01,1.000000000000000000e+00,1.000000000000000000e+00,-9.999999999999998890e-01
1.000000000000000000e+00,1.000000000000000000e+00,1.559521362564056657e-01,3.475042014935172396e-01,9.999999999999998890e-01,1.000000000000000000e+00,1.000000000000000000e+00
-7.731693186066191936e-01,9.208561080468354865e-01,-1.000000000000000000e+00,6.647461271424063289e-01,1.000000000000000000e+00,9.999999999999997780e-01,-1.000000000000000000e+00
1.000000000000000000e+00,1.000000000000000000e+00,-8.711915398545573286e-01,7.818691408429675471e-01,1.000000000000000000e+00,1.000000000000000000e+00,1.000000000000000000e+00
-9.739204880649526830e-01,8.227313688505031308e-01,-1.000000000000000000e+00,3.974731643963480554e-01,9.999999999999998890e-01,9.999999999999997780e-01,-9.999999999999998890e-01
-1.000000000000000000e+00,1.000000000000000000e+00,8.722554059600264864e-01,1.000000000000000000e+00,1.000000000000000000e+00,1.000000000000000000e+00,-5.198296452800962308e-01
-1.000000000000000000e+00,1.000000000000000000e+00,3.437423765708730317e-01,1.000000000000000000e+00,-1.000000000000000000e+00,1.000000000000000000e+00,-9.999999999999998890e-01
-9.999999999999998890e-01,1.000000000000000000e+00,9.930760406218213099e-01,1.000000000000000000e+00,1.000000000000000000e+00,1.000000000000000000e+00,4.297220124559698595e-01
-1.000000000000000000e+00,7.238496075044218436e-01,-2.943949303901776671e-01,9.999999999999998890e-01,8.953348108410575934e-01,9.999999999999997780e-01,-1.000000000000000000e+00
2.221330270549060903e-01,9.999999999999993339e-01,1.000000000000000000e+00,1.000000000000000000e+00,9.999999999999993339e-01,1.000000000000000000e+00,-3.223094867723980683e-01
1.000000000000000000e+00,1.000000000000000000e+00,-1.000000000000000000e+00,8.369471573931742681e-01,1.000000000000000000e+00,9.999999999999998890e-01,-6.800134867056657761e-02
8.336997137979867967e-01,1.000000000000000000e+00,-9.999999999999998890e-01,9.404418141823418509e-01,1.000000000000000000e+00,1.000000000000000000e+00,-1.000000000000000000e+00
-9.999999999999998890e-01,7.250132435833634981e-01,-3.857303975142074015e-01,1.000000000000000000e+00,-9.999999999999998890e-01,1.000000000000000000e+00,-9.999999999999998890e-01
3.408885424812130860e-01,9.999999999999998890e-01,-9.841584338868224480e-01,9.999999999999997780e-01,1.000000000000000000e+00,9.999999999999998890e-01,-1.000000000000000000e+00
-1.000000000000000000e+00,7.250132435929756980e-01,-5.352156547157406186e-01,1.000000000000000000e+00,5.882869911118913109e-01,9.999999999999998890e-01,-9.999999999999998890e-01
4.350219616988401095e-01,9.999999999999998890e-01,9.999999999999998890e-01,1.000000000000000000e+00,1.000000000000000000e+00,1.000000000000000000e+00,7.123738762404765446e-01
-8.475141321756691770e-01,8.605688703861826827e-01,-1.000000000000000000e+00,8.629168419759918329e-01,9.999999999999998890e-01,1.000000000000000000e+00,-1.000000000000000000e+00
-1.000000000000000000e+00,1.000000000000000000e+00,5.801115165417808361e-01,9.999999999999998890e-01,-1.000000000000000000e+00,9.999999999999998890e-01,-1.000000000000000000e+00
-9.999999999999998890e-01,7.240652314182430827e-01,-8.012032315786071779e-01,1.000000000000000000e+00,4.197104881027456380e-01,1.000000000000000000e+00,-9.999999999999998890e-01
-9.999999999999996669e-01,7.240652314092412833e-01,-1.000000000000000000e+00,7.597315305058069956e-01,-7.442153656103698278e-01,9.999999999999998890e-01,-9.999999999999998890e-01
-1.000000000000000000e+00,7.240652314143146695e-01,-1.000000000000000000e+00,9.275684712254819164e-01,-6.091900561012662807e-02,9.999999999999998890e-01,-1.000000000000000000e+00
1.000000000000000000e+00,1.000000000000000000e+00,-6.997988408943101035e-01,1.000000000000000000e+00,9.999999999999997780e-01,9.999999999999993339e-01,-1.000000000000000000e+00
-9.999999999999998890e-01,1.000000000000000000e+00,7.041114281745632919e-01,1.000000000000000000e+00,1.000000000000000000e+00,9.999999999999998890e-01,8.373424182757200906e-01
9.999999999999998890e-01,9.999999999999993339e-01,1.000000000000000000e+00,2.473323717925358933e-01,1.000000000000000000e+00,9.999999999999992228e-01,1.000000000000000000e+00
1.000000000000000000e+00,9.999999999999993339e-01,-5.731043707951022359e-01,1.000000000000000000e+00,9.999999999999992228e-01,1.000000000000000000e+00,6.305228027344010611e-02
-1.000000000000000000e+00,1.000000000000000000e+00,5.953241573815882814e-01,1.000000000000000000e+00,-5.906342422127432989e-01,1.000000000000000000e+00,-1.000000000000000000e+00
-1.000000000000000000e+00,7.238895627700157043e-01,-1.492331653537154468e-01,9.999999999999998890e-01,-1.000000000000000000e+00,1.000000000000000000e+00,-1.000000000000000000e+00
-1.000000000000000000e+00,7.238895627704030611e-01,-4.079157584388261662e-03,9.999999999999998890e-01,-1.000000000000000000e+00,1.000000000000000000e+00,-1.000000000000000000e+00
-9.999999999999997780e-01,7.238895627472635708e-01,-1.000000000000000000e+00,4.189558261505108572e-01,4.160864515199290126e-01,9.999999999999996669e-01,-9.999999999999998890e-01
-1.000000000000000000e+00,7.238668069446103637e-01,-9.999999999999998890e-01,4.162763450779864982e-01,-3.460121146530364955e-01,1.000000000000000000e+00,-1.000000000000000000e+00
-1.000000000000000000e+00,7.238668068992254456e-01,-8.820994631837908440e-01,1.000000000000000000e+00,-1.000000000000000000e+00,1.000000000000000000e+00,-1.000000000000000000e+00
-4.539425691129712614e-01,9.999999999999998890e-01,-1.175502270291174101e-01,1.000000000000000000e+00,1.000000000000000000e+00,9.999999999999997780e-01,-1.000000000000000000e+00
-1.000000000000000000e+00,7.238668069637250735e-01,-1.000000000000000000e+00,4.162801582160281511e-01,4.525432755843102062e-02,9.999999999999998890e-01,-1.000000000000000000e+00
1.000000000000000000e+00,9.999999999999998890e-01,-4.111074923355262922e-01,4.864423082643626328e-01,9.999999999999998890e-01,1.000000000000000000e+00,1.000000000000000000e+00
-1.000000000000000000e+00,9.999999999999998890e-01,1.343605731345557941e-01,9.999999999999998890e-01,8.455894421756235957e-01,9.999999999999998890e-01,-1.000000000000000000e+00
-9.999999999999997780e-01,7.238570111791463590e-01,-1.000000000000000000e+00,9.359431950130596700e-01,4.664059544207856400e-01,9.999999999999998890e-01,-1.000000000000000000e+00
-1.000000000000000000e+00,7.238570111299439391e-01,-9.999999999999998890e-01,5.542588040405703742e-01,-9.999999999999998890e-01,1.000000000000000000e+00,-1.000000000000000000e+00
1.000000000000000000e+00,1.000000000000000000e+00,2.605655989004923012e-01,-2.793129821873807650e-01,9.999999999999998890e-01,1.000000000000000000e+00,1.000000000000000000e+00
-1.000000000000000000e+00,7.238527947154418385e-01,-1.000000000000000000e+00,4.145994708373025861e-01,8.979241019268108248e-01,9.999999999999998890e-01,-1.000000000000000000e+00
-9.999999999999998890e-01,1.000000000000000000e+00,6.387189241107464888e-01,1.000000000000000000e+00,-9.999999999999998890e-01,9.076091142825843949e-01,-9.999999999999997780e-01
-9.999999999999998890e-01,7.238527947066702994e-01,-6.476538167864215323e-01,1.000000000000000000e+00,1.000000000000000000e+00,1.000000000000000000e+00,-9.999999999999998890e-01
-1.000000000000000000e+00,1.000000000000000000e+00,5.020081230103837916e-02,9.999999999999998890e-01,1.436998027356259644e-01,1.000000000000000000e+00,-9.999999999999998890e-01
9.999999999999998890e-01,1.000000000000000000e+00,-8.551078142151727901e-01,5.979966727328919207e-01,9.999999999999998890e-01,9.999999999999998890e-01,4.600633226424765687e-01
-9.999999999999998890e-01,9.999999999999997780e-01,7.933170491944796510e-01,9.999999999999997780e-01,-9.999999999999998890e-01,9.999999999999998890e-01,-1.000000000000000000e+00
-3.763937472144125995e-01,1.000000000000000000e+00,-1.000000000000000000e+00,3.670635503541947453e-01,1.000000000000000000e+00,1.000000000000000000e+00,-1.000000000000000000e+00
1.000000000000000000e+00,1.000000000000000000e+00,1.000000000000000000e+00,-3.550073200026119258e-01,1.000000000000000000e+00,1.000000000000000000e+00,1.000000000000000000e+00
-8.892995659070054293e-01,1.000000000000000000e+00,-2.534296699375946926e-01,1.000000000000000000e+00,1.000000000000000000e+00,1.000000000000000000e+00,-1.000000000000000000e+00
1.000000000000000000e+00,1.000000000000000000e+00,-5.253811494477064192e-01,1.000000000000000000e+00,9.999999999999998890e-01,9.999999999999998890e-01,9.999999999999998890e-01
-9.999999999999998890e-01,7.415290012308719536e-01,-1.775555909963335288e-01,1.000000000000000000e+00,3.432536288895747245e-01,1.000000000000000000e+00,-9.999999999999998890e-01
-1.000000000000000000e+00,1.000000000000000000e+00,8.366829528961043927e-01,1.000000000000000000e+00,9.983895820650164898e-01,1.000000000000000000e+00,-9.826163047362167502e-01
-1.000000000000000000e+00,7.238498616698011423e-01,-8.096994677297517651e-01,9.999999999999998890e-01,-5.711204396005771233e-01,1.000000000000000000e+00,-1.000000000000000000e+00
-1.000000000000000000e+00,8.497079141370389443e-01,-1.101369967972623404e-01,1.000000000000000000e+00,-5.551651991138999431e-01,1.000000000000000000e+00,-1.000000000000000000e+00
-9.999999999999998890e-01,7.238497168125007653e-01,-1.000000000000000000e+00,4.142297811450798561e-01,-9.443283171384245778e-01,9.999999999999998890e-01,-1.000000000000000000e+00
-1.000000000000000000e+00,7.238497168775472890e-01,-4.927584975953767654e-01,1.000000000000000000e+00,-2.860619423951711315e-01,9.999999999999998890e-01,-9.999999999999998890e-01
-6.618067259432128813e-01,9.999999999999998890e-01,-9.828091037347266301e-01,1.000000000000000000e+00,1.000000000000000000e+00,1.000000000000000000e+00,-1.000000000000000000e+00
-1.000000000000000000e+00,9.327796559900249918e-01,-6.052134971628943261e-02,1.000000000000000000e+00,1.723486031842529076e-02,1.000000000000000000e+00,-1.000000000000000000e+00
-1.562548907900343786e-01,9.999999999999998890e-01,-7.060161023840426653e-01,1.000000000000000000e+00,9.999999999999998890e-01,1.000000000000000000e+00,-9.999999999999998890e-01
-5.021586587832449489e-01,9.999999999999998890e-01,5.795874579103496016e-01,9.999999999999998890e-01,1.000000000000000000e+00,9.999999999999998890e-01,1.000000000000000000e+00
-9.999999999999997780e-01,7.238496273445812479e-01,-1.000000000000000000e+00,6.382265577353450903e-01,9.605963511956099321e-01,1.000000000000000000e+00,-1.000000000000000000e+00
-9.999999999999997780e-01,9.999999999999998890e-01,5.776753500503102323e-01,1.000000000000000000e+00,5.908130047499293713e-02,1.000000000000000000e+00,-9.999999999999998890e-01
-9.999999999999998890e-01,7.238496274817501908e-01,-1.000000000000000000e+00,4.278224346299453473e-01,-1.494932336710794452e-01,9.999999999999998890e-01,-1.000000000000000000e+00
5.324605541337239928e-02,1.000000000000000000e+00,-6.672272386710800807e-02,1.000000000000000000e+00,9.999999999999998890e-01,1.000000000000000000e+00,-9.999999999999998890e-01
-5.074669416194831778e-02,1.000000000000000000e+00,-1.000000000000000000e+00,3.728586518867853528e-01,1.000000000000000000e+00,1.000000000000000000e+00,-1.000000000000000000e+00
-1.000000000000000000e+00,1.000000000000000000e+00,9.855617471223850901e-01,1.000000000000000000e+00,-1.000000000000000000e+00,4.109605735311465113e-01,-1.000000000000000000e+00
1.000000000000000000e+00,1.000000000000000000e+00,-4.561967545554084236e-01,1.000000000000000000e+00,1.000000000000000000e+00,9.999999999999998890e-01,-1.000000000000000000e+00
-1.000000000000000000e+00,7.238496107964217385e-01,-6.503045736836882140e-01,1.000000000000000000e+00,4.644602622571972206e-01,1.000000000000000000e+00,-9.999999999999998890e-01
-9.999999999999998890e-01,7.238496108387425521e-01,-9.999999999999997780e-01,7.402039037654132292e-01,-2.433649608934522202e-01,9.999999999999998890e-01,-9.999999999999997780e-01
1.000000000000000000e+00,9.999999999999998890e-01,-4.824222945232988780e-01,1.040062260468600369e-01,9.999999999999998890e-01,1.000000000000000000e+00,9.999999999999998890e-01
-8.959973953295564675e-01,8.426193576287035469e-01,-1.000000000000000000e+00,6.419259417766564058e-01,1.000000000000000000e+00,9.999999999999998890e-01,-1.000000000000000000e+00
9.999999999999995559e-01,1.000000000000000000e+00,-2.175632241407364498e-01,-3.331118392349249890e-02,1.000000000000000000e+00,1.000000000000000000e+00,9.999999999999998890e-01
-1.000000000000000000e+00,9.999999999999998890e-01,4.588071865854788656e-01,1.000000000000000000e+00,8.143383425473382786e-01,1.000000000000000000e+00,-1.000000000000000000e+00
-8.563610237510844714e-01,8.978526941424402885e-01,-1.000000000000000000e+00,3.855418640117970197e-01,1.000000000000000000e+00,1.000000000000000000e+00,-1.000000000000000000e+00
-1.000000000000000000e+00,7.238496087854874306e-01,-1.000000000000000000e+00,9.921960332414462291e-01,-5.379859121272158040e-01,1.000000000000000000e+00,-9.999999999999998890e-01
-1.000000000000000000e+00,1.000000000000000000e+00,8.527272153694283041e-01,1.000000000000000000e+00,1.851706903199762111e-01,1.000000000000000000e+00,-9.569033811020333236e-01
1.000000000000000000e+00,1.000000000000000000e+00,-4.186146340794252851e-02,9.999999999999998890e-01,9.999999999999996669e-01,1.000000000000000000e+00,-9.215031098442192370e-01
-8.157459912771320987e-01,1.000000000000000000e+00,-6.314187612540964611e-01,1.000000000000000000e+00,1.000000000000000000e+00,1.000000000000000000e+00,-1.000000000000000000e+00
-6.217955537496576701e-01,1.000000000000000000e+00,2.647615318102975457e-01,1.000000000000000000e+00,1.000000000000000000e+00,1.000000000000000000e+00,1.000000000000000000e+00
-1.000000000000000000e+00,7.238496154437547014e-01,-9.999999999999998890e-01,4.144237462228123614e-01,2.354228574029473553e-01,9.999999999999998890e-01,-1.000000000000000000e+00
-8.050617282729165547e-01,1.000000000000000000e+00,1.879573637952522761e-02,1.000000000000000000e+00,1.000000000000000000e+00,9.999999999999998890e-01,-9.999999999999998890e-01
-1.000000000000000000e+00,9.999999999999998890e-01,5.434043900619690559e-01,9.999999999999998890e-01,9.999999999999998890e-01,1.000000000000000000e+00,1.018227321785585282e-01
-9.999999999999998890e-01,7.238496155828525458e-01,-9.999999999999998890e-01,6.287879268684738454e-01,5.427654504490870835e-01,9.999999999999998890e-01,-1.000000000000000000e+00
