0.000000000000000000e+00,-3.333333333333333703e-01,-5.999999999999999778e-01,-7.142857142857143016e-01,-8.181818181818181213e-01,-8.461538461538461453e-01
-5.000000000000000000e-01,3.333333333333332593e-01,-1.999999999999999556e-01,-4.285714285714286031e-01,-6.363636363636363535e-01,-6.923076923076922906e-01
5.000000000000000000e-01,-7.777777777777777901e-01,1.999999999999999556e-01,-1.428571428571429047e-01,-4.545454545454545858e-01,-5.384615384615384359e-01
-7.500000000000000000e-01,-1.111111111111111605e-01,6.000000000000000888e-01,1.428571428571427937e-01,-2.727272727272727071e-01,-3.846153846153845812e-01
2.500000000000000000e-01,5.555555555555553582e-01,-9.200000000000000400e-01,4.285714285714286031e-01,-9.090909090909093937e-02,-2.307692307692307265e-01
-2.500000000000000000e-01,-5.555555555555555802e-01,-5.200000000000000178e-01,7.142857142857141906e-01,9.090909090909082835e-02,-7.692307692307687184e-02
7.500000000000000000e-01,1.111111111111111605e-01,-1.199999999999999956e-01,-9.591836734693877098e-01,2.727272727272727071e-01,7.692307692307687184e-02
-3.585552060211544267e-01,9.979475181912160764e-01,6.613191447214151752e-01,7.228339854338668991e-01,6.718587644064449860e-01,9.897682006912891239e-01
-6.521747076420750799e-01,9.999999999999998890e-01,-5.802748680212764798e-01,9.849299828535527102e-01,-3.900125806896474479e-01,-1.000000000000000000e+00
2.182823545555580627e-02,1.000000000000000000e+00,-1.449680939605576396e-02,1.000000000000000000e+00,3.525088964278857984e-01,2.354716601925373465e-01
-1.000000000000000000e+00,-3.475923749164592791e-01,-9.878694201015717491e-01,9.999999999999998890e-01,1.813089095492706471e-02,-8.849499493692458696e-01
-9.999999999999998890e-01,-4.179338113866263860e-01,-9.999999999999998890e-01,9.999999999999997780e-01,-1.000000000000000000e+00,-1.000000000000000000e+00
-6.218024330395379717e-01,1.000000000000000000e+00,-3.602902501790671841e-01,1.000000000000000000e+00,1.989607524529854177e-01,-2.348041868239887364e-01
-9.077821252614656222e-01,-1.019731303518937038e-01,-6.626831276951370420e-01,2.243875003056811368e-01,-1.000000000000000000e+00,6.935437243775615102e-01
-5.093238153378618627e-01,5.993177458889434872e-01,-2.516085028571487525e-01,1.000000000000000000e+00,-1.000000000000000000e+00,8.236891895683757792e-01
-3.865093561764477159e-01,6.605001677317985376e-01,-2.516085028571478643e-01,1.000000000000000000e+00,3.028378311761569242e-01,1.000000000000000000e+00
4.222212048442972043e-01,7.587813030608129283e-01,-2.516085028571320992e-01,1.000000000000000000e+00,1.000000000000000000e+00,6.440003159877727423e-01
-1.372277326404043596e-01,5.024392820872418675e-01,-2.516085028571359850e-01,1.000000000000000000e+00,9.355057635051796661e-01,1.000000000000000000e+00
-8.023117775883292779e-01,-3.523695533230745691e-01,-4.770050328915665938e-01,5.747235282369321796e-01,5.631519336529071662e-01,6.981079288590714693e-01
-6.763810703892748633e-01,-4.518910602189062792e-02,-2.806550506544767121e-01,9.488198868837841582e-01,-2.078479079122833861e-01,1.000000000000000000e+00
9.565698772707524611e-02,9.999999999999998890e-01,-2.535295907028806139e-01,9.999999999999998890e-01,-8.729556759527223875e-01,5.197397878272198568e-01
-1.000000000000000000e+00,-7.550308497565686450e-01,-7.033240878511344274e-01,1.513311374561276124e-01,-9.258985209639721825e-01,5.226610038718390028e-01
-7.310749485355683142e-01,-2.375899177341414259e-01,-4.173704694750817734e-01,6.908662664675446763e-01,-1.000000000000000000e+00,3.196407884905318464e-01
1.531168980955424919e-01,1.000000000000000000e+00,-2.535295907028840556e-01,1.000000000000000000e+00,1.000000000000000000e+00,1.000000000000000000e+00
-3.269963004703987930e-01,8.915776509848204467e-01,-2.535295907028788931e-01,1.000000000000000000e+00,-1.000000000000000000e+00,-2.681686535754975176e-01
-9.553960943189483412e-01,-8.559629586244955624e-01,-5.948336988777207512e-01,3.570537052357987684e-01,-5.005088510718581629e-01,1.000000000000000000e+00
1.637214252381496427e-01,1.000000000000000000e+00,-2.540721626527008836e-01,9.999999999999998890e-01,-4.292622982774192686e-02,1.000000000000000000e+00
-6.550663248014919615e-01,-1.804024076499130200e-02,-2.540721626526952770e-01,1.000000000000000000e+00,-9.999999999999998890e-01,9.999999999999998890e-01
-7.967423946868651408e-01,-3.992764695528026597e-01,-4.065676943795731857e-01,7.122725816473994831e-01,-9.001191323483416218e-01,1.000000000000000000e+00
-9.955205156624119534e-01,-9.999999999999998890e-01,-7.480842078119319671e-01,6.790180158633604690e-02,-1.000000000000000000e+00,1.994632528078081890e-01
-6.097237204393668453e-01,8.998631674465616681e-02,-2.540721626526951105e-01,1.000000000000000000e+00,3.861623171771311758e-01,1.000000000000000000e+00
-7.881660737955338558e-02,9.999999999999998890e-01,-2.542254009969905360e-01,9.999999999999998890e-01,9.184524014287239746e-01,9.999999999999998890e-01
-4.311723102534552599e-01,5.865746226713584033e-01,-2.542254009969850959e-01,9.999999999999998890e-01,-2.714537863127146067e-01,1.000000000000000000e+00
-3.413092283089290135e-01,9.277502437511910838e-01,-2.542254009969890372e-01,9.999999999999998890e-01,7.147637302618493615e-01,9.999999999999997780e-01
-7.835120861040856255e-01,-4.052619055065749820e-01,-4.046100034078052854e-01,7.162554671493907010e-01,-9.046076212989164755e-01,1.000000000000000000e+00
-6.526095844878245789e-01,-3.024111271482865168e-02,-2.542254009969839856e-01,1.000000000000000000e+00,-1.000000000000000000e+00,1.000000000000000000e+00
-9.191196245466202175e-01,-8.017622201654923675e-01,-5.600837169088397349e-01,4.229088379021530564e-01,-9.089569532503835037e-01,9.999999999999998890e-01
-3.440127369976859195e-01,8.413269439852097964e-01,-2.542686800315356321e-01,1.000000000000000000e+00,8.030255415008551445e-01,1.000000000000000000e+00
-9.478825735468230373e-01,-8.573197792640662174e-01,-5.952268645596480168e-01,3.566826707016700349e-01,-5.137256361935469418e-01,1.000000000000000000e+00
-5.544803407931337969e-01,2.316951886396030058e-01,-2.542686800315301365e-01,1.000000000000000000e+00,9.999999999999998890e-01,9.999999999999998890e-01
1.655339072433236747e-01,1.000000000000000000e+00,-2.542686800315382412e-01,9.999999999999998890e-01,4.947667826611681918e-01,9.999999999999998890e-01
-7.750587687810253090e-01,-3.704544126132208737e-01,-4.045359961054316722e-01,7.164767621247233320e-01,5.966764620709113717e-03,1.000000000000000000e+00
-6.488178471237107114e-01,-1.001796857077231172e-02,-2.586604101338278450e-01,9.917137167881275861e-01,-1.779545198789961036e-01,9.999999999999998890e-01
-2.391704290578458292e-01,1.000000000000000000e+00,-2.542809033091910087e-01,1.000000000000000000e+00,-1.000000000000000000e+00,8.674037474531479663e-01
-2.058783354035289281e-01,1.000000000000000000e+00,-2.542809033091887883e-01,1.000000000000000000e+00,-1.543917888217402612e-01,1.000000000000000000e+00
-8.957709839403282803e-01,-7.085897797669045151e-01,-5.393779110004082167e-01,4.620811175637732360e-01,-1.008824906215049222e-01,1.000000000000000000e+00
1.675391208736526638e-01,1.000000000000000000e+00,-2.542809033091897875e-01,9.999999999999998890e-01,-6.265760007201063297e-01,9.999999999999998890e-01
-1.976895170022028581e-01,1.000000000000000000e+00,-2.542809033091831816e-01,1.000000000000000000e+00,8.514125718774847584e-01,1.000000000000000000e+00
-5.449060334960874608e-01,2.970033949038990428e-01,-2.542809033091968374e-01,1.000000000000000000e+00,2.388742296581238544e-01,1.000000000000000000e+00
-8.841058027414222531e-01,-6.762931364093145437e-01,-5.135677607060942229e-01,5.107860279580536123e-01,-1.000000000000000000e+00,9.999999999999998890e-01
1.643033990862388383e-01,1.000000000000000000e+00,-2.542843555238166742e-01,1.000000000000000000e+00,-8.427017823858785617e-01,1.000000000000000000e+00
-7.311661090577273869e-01,-2.443483569369409303e-01,-3.563246142430001595e-01,8.074712099638648999e-01,2.570015259786990192e-01,9.999999999999998890e-01
-5.745695057888137169e-01,1.946252854476156480e-01,-2.542843555238335496e-01,9.999999999999998890e-01,5.895393078274564491e-01,1.000000000000000000e+00
1.657224921414603425e-01,9.999999999999998890e-01,-2.542843555238140096e-01,1.000000000000000000e+00,-4.286906817521544122e-01,1.000000000000000000e+00
-3.068920534336986861e-01,9.670884254639535715e-01,-2.542843555238234465e-01,9.999999999999998890e-01,-5.235630052516938582e-01,9.999999999999996669e-01
-1.040584471597949257e-01,1.000000000000000000e+00,-2.542853305312355316e-01,1.000000000000000000e+00,2.917499851642402775e-01,9.999999999999998890e-01
-4.216872062858735837e-01,6.405114037274242111e-01,-2.542853305312384737e-01,1.000000000000000000e+00,1.000000000000000000e+00,1.000000000000000000e+00
-4.994087863975192887e-01,3.968852672923457447e-01,-2.542853305312388623e-01,1.000000000000000000e+00,-6.858295930151919739e-01,1.000000000000000000e+00
-6.030518594526251830e-02,1.000000000000000000e+00,-2.542853305312374745e-01,1.000000000000000000e+00,-1.000000000000000000e+00,1.000000000000000000e+00
-3.090835033505737739e-01,9.937967078962026690e-01,-2.542853305312378631e-01,9.999999999999998890e-01,1.000000000000000000e+00,1.000000000000000000e+00
-7.299331093685941241e-01,-2.426632772201521571e-01,-3.569153860089322450e-01,8.063583858911478330e-01,2.465810729582178784e-01,1.000000000000000000e+00
1.882110954397194186e-04,1.000000000000000000e+00,-2.542856059021068038e-01,1.000000000000000000e+00,4.540976243582343086e-01,1.000000000000000000e+00
-8.251417360449954108e-01,-5.093964003629456450e-01,-4.620408725024462426e-01,6.080089309427704203e-01,1.270022974134605021e-01,1.000000000000000000e+00
-4.138685851737037291e-01,6.545227297498860120e-01,-2.542856059021072479e-01,1.000000000000000000e+00,9.208363739568860007e-01,1.000000000000000000e+00
-4.801152392377279754e-01,4.653499745125659892e-01,-2.542856059021089132e-01,1.000000000000000000e+00,7.427236609709226833e-01,1.000000000000000000e+00
1.659466199638522932e-01,1.000000000000000000e+00,-2.542856059021076365e-01,9.999999999999998890e-01,2.519404529016390226e-01,9.999999999999998890e-01
-9.962794814386272124e-01,-9.833980351108997375e-01,-6.401604451723664768e-01,2.719342655278291776e-01,-1.000000000000000000e+00,9.999999999999998890e-01
-2.899561414307759155e-01,1.000000000000000000e+00,-2.542856836749921579e-01,1.000000000000000000e+00,1.000000000000000000e+00,1.000000000000000000e+00
-2.906380184226234897e-01,1.000000000000000000e+00,-2.542856836749934346e-01,1.000000000000000000e+00,6.116390928784237735e-01,1.000000000000000000e+00
-5.569832739011874034e-01,2.481566290847290468e-01,-2.542856836749902705e-01,9.999999999999997780e-01,7.119639498544247935e-01,1.000000000000000000e+00
-3.155111646797507108e-01,9.304990442329459377e-01,-2.542856836749946559e-01,9.999999999999998890e-01,-4.669491537615229060e-01,9.999999999999998890e-01
-9.970045447029984853e-01,-9.999999999999998890e-01,-6.458904970638212895e-01,2.611229936059651369e-01,-8.330582438954016178e-01,1.000000000000000000e+00
-6.417820844860702145e-01,7.608287380831415918e-03,-2.542856836749889382e-01,1.000000000000000000e+00,2.140300554238981079e-01,1.000000000000000000e+00
-2.347351739317452696e-02,9.999999999999998890e-01,-2.542857056403420857e-01,9.999999999999998890e-01,-3.354496548699544278e-01,1.000000000000000000e+00
-5.147823178493141638e-01,3.754614791418793285e-01,-2.542857056403377003e-01,1.000000000000000000e+00,-1.000000000000000000e+00,2.558038958531885787e-01
-7.189298323837667315e-01,-1.995734917453514112e-01,-3.387233663782546200e-01,8.406836589850745778e-01,-1.000000000000000000e+00,8.860178928099907703e-01
-5.078346864657247162e-01,3.940578303254509973e-01,-2.542857056403423077e-01,1.000000000000000000e+00,-1.168570895359613282e-01,9.999999999999998890e-01
-4.646953303698533877e-01,5.158749062831836651e-01,-2.542857056403428073e-01,1.000000000000000000e+00,9.999999999999998890e-01,1.000000000000000000e+00
2.584619793640358446e-02,9.999999999999998890e-01,-2.542857056403420857e-01,1.000000000000000000e+00,1.000000000000000000e+00,9.999999999999998890e-01
1.036266938677529587e-01,1.805197273700920868e-01,-2.542867102364257947e-01,9.999981162406972324e-01,7.160363287905134599e-02,9.859118193541301922e-01
1.661534892975898292e-01,1.000000000000000000e+00,-2.542857118439835751e-01,1.000000000000000000e+00,1.000000000000000000e+00,1.000000000000000000e+00
-3.032956029523811159e-01,1.000000000000000000e+00,-2.542857118439936781e-01,9.999999999999998890e-01,-1.000000000000000000e+00,2.784887492847346602e-01
1.493130314198058695e-01,6.912893871294794046e-01,-3.994995683556317768e-03,9.999504816340084590e-01,4.322911284071174753e-01,5.921787831103424438e-01
1.626957963312832545e-01,1.000000000000000000e+00,-2.542857118439847963e-01,9.999999999999998890e-01,8.416139317400733733e-01,9.408654906190720979e-01
1.662347701996522154e-01,1.000000000000000000e+00,-2.542857118439875164e-01,1.000000000000000000e+00,3.930600812117648890e-01,9.855875100140636391e-01
-4.871802346568716024e-01,4.495724275788315349e-01,-2.542857135961129056e-01,1.000000000000000000e+00,5.161414559388149970e-01,1.000000000000000000e+00
-3.184323260141053158e-01,9.384450765841600983e-01,-2.542857135961205661e-01,1.000000000000000000e+00,6.987893231178261833e-02,1.000000000000000000e+00
-6.406597285205450909e-01,1.555127724298836084e-02,-2.568582779583001297e-01,9.951461049769990685e-01,4.703472804518839534e-01,1.000000000000000000e+00
-5.717953745203703253e-01,2.099946071565046424e-01,-2.542857135961095749e-01,1.000000000000000000e+00,-6.430727954598073337e-01,1.000000000000000000e+00
-7.238286685344583749e-01,-2.219981552060652230e-01,-3.322675092412313291e-01,8.528645365186439120e-01,-1.000000000000000000e+00,9.917026122884918804e-01
-4.876447473849475078e-01,4.464052621602287441e-01,-2.542857135961255621e-01,1.000000000000000000e+00,-1.000000000000000000e+00,-2.524273217623688170e-01
-1.982310256442135488e-01,9.992546174362142430e-01,-3.367945772499533197e-01,8.442549105534216114e-01,5.494943998658192719e-01,4.283804458628602541e-02
-3.647981452187155638e-01,8.113107026273588263e-01,-2.542857140908962310e-01,9.999999999999998890e-01,-9.993277587965194719e-01,-9.164118884783805097e-01
-6.986539672371593346e-01,-1.569774800402809478e-01,-3.434439224737239060e-01,8.317769653154745146e-01,-3.842525072500603822e-01,7.597299338489128528e-01
-2.895867129799852835e-01,9.057543506426436464e-01,-2.542857140909701719e-01,9.999999999999998890e-01,9.970745617371482572e-01,8.896263882079786800e-01
-2.180022309034533867e-01,9.656784022514485200e-01,1.763538168689555707e-01,9.999999999999997780e-01,7.404307706575082859e-01,7.889575081557240743e-01
-2.929386757937720298e-01,1.000000000000000000e+00,-2.542857140909246527e-01,9.999999999999998890e-01,-1.000000000000000000e+00,-1.406424979565662481e-01
-1.622535722245992129e-01,1.000000000000000000e+00,-2.542857142307618501e-01,9.999999999999997780e-01,1.000000000000000000e+00,1.000000000000000000e+00
-4.037136586531050453e-01,6.859264510280058680e-01,-2.542857142307408669e-01,9.999999999999996669e-01,-5.489158836441604405e-02,1.000000000000000000e+00
-3.830011543613181524e-01,7.460586340161433627e-01,-2.542857142307698437e-01,1.000000000000000000e+00,-8.766808220989903422e-01,9.999999999999998890e-01
-3.168689753703737289e-01,9.310332511105524622e-01,-2.542857142307447527e-01,1.000000000000000000e+00,7.404531050717294560e-02,1.000000000000000000e+00
1.659900486939585584e-01,1.000000000000000000e+00,-2.542857142307555773e-01,9.999999999999998890e-01,6.550616622277982692e-01,1.000000000000000000e+00
-6.970212351895671565e-01,-1.455726940653906953e-01,-3.158270332724741336e-01,8.838843036948638154e-01,1.822458779297976839e-01,9.999999999999998890e-01
-1.649870119127598012e-01,1.000000000000000000e+00,-2.542857142701639983e-01,1.000000000000000000e+00,1.271447702485462572e-01,1.000000000000000000e+00
-6.266400881212484952e-01,5.838573379253381851e-02,-2.542857142701613338e-01,1.000000000000000000e+00,8.157020346958601120e-01,1.000000000000000000e+00
-3.924534489847610885e-01,7.190729085622515893e-01,-2.542857142701681616e-01,9.999999999999998890e-01,1.000000000000000000e+00,1.000000000000000000e+00
-3.775906014888621293e-02,1.000000000000000000e+00,-2.542857142701652751e-01,1.000000000000000000e+00,1.000000000000000000e+00,9.999999999999998890e-01
1.660869969085089770e-01,1.000000000000000000e+00,-2.542857142701580586e-01,1.000000000000000000e+00,-2.340926859268564753e-01,1.000000000000000000e+00
-5.240208603039072655e-01,3.480222714305798992e-01,-2.542857142701119844e-01,9.999999999999998890e-01,-1.000000000000000000e+00,1.000000000000000000e+00
-4.796204198357644222e-01,4.713820441831611530e-01,-2.542857142813504390e-01,1.000000000000000000e+00,9.330806791409761436e-01,9.999999999999998890e-01
-3.448240860483032244e-01,8.499303852844476426e-01,-2.542857142813555460e-01,1.000000000000000000e+00,9.999999999999998890e-01,1.000000000000000000e+00
-3.200590808002476972e-01,9.266836453994662381e-01,-2.542857142813293447e-01,1.000000000000000000e+00,-1.526363044069778407e-01,1.000000000000000000e+00
-9.999999999999997780e-01,-9.999999999999998890e-01,-9.566555283649644803e-01,-3.252260643088429881e-01,-9.226387667822557592e-01,-4.290884786498200265e-01
-5.038523064154178943e-01,4.021420357662346401e-01,-2.542857142813341187e-01,1.000000000000000000e+00,3.010653010244876970e-01,1.000000000000000000e+00
-3.955441627283315387e-01,7.139452954781940752e-01,-2.542857142813028659e-01,1.000000000000000000e+00,-9.999999999999998890e-01,-5.605044140247388285e-01
-3.947674533095825167e-01,7.048660562595924217e-01,-2.542857142844017204e-01,9.999999999999998890e-01,-1.000000000000000000e+00,-5.088814567734853966e-01
-2.923139718758391292e-01,9.999999999999998890e-01,-2.542857142844333063e-01,9.999999999999998890e-01,2.734023733103261855e-01,1.000000000000000000e+00
-8.667864224207235679e-01,-6.311238685212793298e-01,-5.105050989753843194e-01,5.165671986963514817e-01,1.265064986628698374e-01,9.999999999999997780e-01
-9.999999999999998890e-01,-1.000000000000000000e+00,-7.717699299706822780e-01,2.361468738441127937e-02,-5.163678213886903068e-01,4.840577805498825215e-01
1.713330306424635727e-02,9.999999999999998890e-01,-2.542857142844303642e-01,9.999999999999998890e-01,3.246759595035695473e-02,9.999999999999998890e-01
-7.921604692273208626e-01,-4.164816167351241272e-01,-4.569986061967466484e-01,6.175228454484877894e-01,-1.000000000000000000e+00,6.411288256247357209e-01
-5.029558987518397695e-01,4.054128337050827424e-01,-2.542857142853361396e-01,1.000000000000000000e+00,6.789282491466205882e-02,9.999999999999998890e-01
-6.975889042366398840e-01,-1.449212980439616993e-01,-3.161585462729888940e-01,8.832588075704222996e-01,1.868392242290966843e-01,9.999999999999998890e-01
-6.228878434746967230e-01,6.616662261252211075e-02,-2.542857142853271468e-01,1.000000000000000000e+00,7.812560589175083781e-01,9.999999999999997780e-01
1.661940802220798208e-01,1.000000000000000000e+00,-2.542857142853325869e-01,9.999999999999998890e-01,-6.332870884281109891e-01,9.999999999999995559e-01
-5.579614228603165804e-01,2.514698265203063055e-01,-2.542857142853312546e-01,9.999999999999998890e-01,-2.181442402750748411e-01,9.999999999999998890e-01
-4.224801431365416970e-01,6.349207815452031500e-01,-2.542857142853344743e-01,9.999999999999998890e-01,7.898509918786652539e-01,1.000000000000000000e+00
-3.718352414268387696e-01,7.826955197722548219e-01,-2.542857142856512764e-01,1.000000000000000000e+00,4.157332938268397116e-01,1.000000000000000000e+00
5.279781863748994608e-02,1.000000000000000000e+00,-2.542857142856695396e-01,1.000000000000000000e+00,6.331076669384309019e-01,1.000000000000000000e+00
-9.558742874806518408e-01,-8.753444047887448676e-01,-5.945617243685644704e-01,3.579697922964589218e-01,-1.000000000000000000e+00,1.000000000000000000e+00
-6.531137324079659967e-01,-1.850151386265181871e-02,-2.542857142856360109e-01,1.000000000000000000e+00,-6.106422965760155419e-01,1.000000000000000000e+00
-4.581850107689943719e-01,5.366931913039990620e-01,-2.542857142856347341e-01,1.000000000000000000e+00,-5.967521430711709707e-01,1.000000000000000000e+00
-5.322863115457252547e-01,3.264256562377881865e-01,-2.542857142856441155e-01,1.000000000000000000e+00,8.686385512702733402e-01,1.000000000000000000e+00
-7.624888674838482538e-01,-3.360326992257258172e-01,-3.949930067869200645e-01,7.345145424505172826e-01,2.806467260112334161e-01,1.000000000000000000e+00
-7.461977913591323619e-02,1.000000000000000000e+00,-2.542857142857039010e-01,9.999999999999997780e-01,-5.953203503511207417e-01,9.999999999999998890e-01
-4.564428294070362879e-01,5.291186529030529329e-01,-2.542857142856945196e-01,1.000000000000000000e+00,-5.959184406334072648e-01,1.000000000000000000e+00
-9.999999999999998890e-01,-1.000000000000000000e+00,-7.065198123749247827e-01,1.467281168127743951e-01,-7.593551018854296508e-01,8.407811659607450361e-01
-1.980301105438982689e-01,1.000000000000000000e+00,-2.542857142857015695e-01,1.000000000000000000e+00,-6.471938966597639009e-01,1.000000000000000000e+00
-2.114228161961877739e-01,9.999999999999998890e-01,-2.542857142857044561e-01,1.000000000000000000e+00,5.334883654729210001e-01,1.000000000000000000e+00
-9.226007745536071725e-02,9.999999999999997780e-01,-2.542857142856538299e-01,9.999999999999998890e-01,5.731653097670799113e-01,1.000000000000000000e+00
-2.428895545268595912e-01,9.999999999999998890e-01,-2.542857142857086750e-01,1.000000000000000000e+00,-3.363356204597965360e-01,1.000000000000000000e+00
-3.456633917814984636e-01,8.513344759205642154e-01,-2.542857142857344876e-01,1.000000000000000000e+00,-6.489926770867888717e-01,9.999999999999998890e-01
-9.120390568871242776e-01,-7.603799502543820976e-01,-6.393948215062287277e-01,2.733790429808336531e-01,-9.999999999999998890e-01,2.810739966674237200e-01
-2.563969641251308707e-03,1.000000000000000000e+00,-2.542857142856860264e-01,1.000000000000000000e+00,-1.619679157671944925e-01,1.000000000000000000e+00
-2.468077137789473074e-01,1.000000000000000000e+00,-2.542857142856623787e-01,1.000000000000000000e+00,3.333436367578858084e-01,9.999999999999997780e-01
-5.585202836953502281e-01,2.491448334277383270e-01,-2.528340461714173037e-01,1.000000000000000000e+00,1.210366527775787321e-01,1.000000000000000000e+00
-4.353542060588839746e-01,6.008720424333867660e-01,-2.528340461713932119e-01,9.999999999999998890e-01,-1.000000000000000000e+00,9.999999999999998890e-01
-2.525810727477828532e-01,1.000000000000000000e+00,-2.528340461714158605e-01,1.000000000000000000e+00,1.000000000000000000e+00,1.000000000000000000e+00
-3.783352025512040084e-01,7.597519837683273103e-01,-2.528340461714247978e-01,1.000000000000000000e+00,6.983312483554875438e-01,9.999999999999998890e-01
-8.627817653091002237e-01,-6.117262750392722381e-01,-4.897225701844328816e-01,5.530405207299394776e-01,-7.504220088698562163e-01,1.000000000000000000e+00
-1.000000000000000000e+00,-1.000000000000000000e+00,-8.997274746374168686e-01,-2.205536386157313233e-01,-6.363317814539362072e-01,-1.895778263748504888e-01
-4.346605274091723814e-01,5.985639131204980590e-01,-2.538757203329482515e-01,1.000000000000000000e+00,-1.000000000000000000e+00,1.000000000000000000e+00
-9.976068300125835453e-01,-1.000000000000000000e+00,-6.541770629111866020e-01,2.447144479652421378e-01,-2.356341619548385502e-01,9.999999999999998890e-01
-2.483346255131916591e-01,1.000000000000000000e+00,-2.538757203330500589e-01,1.000000000000000000e+00,7.475593136612210809e-01,9.999999999999998890e-01
-4.623225663785408002e-01,5.220072221915875721e-01,-2.538757203330242462e-01,9.999999999999998890e-01,-2.917360659665258482e-01,1.000000000000000000e+00
-6.728992459207540078e-01,-8.026550816072035299e-02,-2.926711449229085216e-01,9.268010856794698382e-01,4.052529297277837061e-01,1.000000000000000000e+00
-1.538494260298240712e-01,9.999999999999998890e-01,-2.538757203330254675e-01,9.999999999999997780e-01,-4.663564633538015425e-01,1.000000000000000000e+00
-4.066857827284652699e-02,9.999999999999997780e-01,-2.541699198836760432e-01,9.999999999999998890e-01,7.018457872104666428e-01,9.999999999999997780e-01
-5.100015182728533381e-01,3.884070838284486848e-01,-2.541699198837641394e-01,9.999999999999997780e-01,-3.812325987122815452e-01,1.000000000000000000e+00
-5.711432395604874035e-01,2.123442784335930478e-01,-2.642559864061151398e-01,9.809696858070267034e-01,-1.000000000000000000e+00,2.654389033446559187e-01
-5.872489270659176919e-01,1.678729697408633537e-01,-2.541699198838244800e-01,9.999999999999998890e-01,-9.290191257504875066e-01,9.999999999999998890e-01
-7.187674229115250668e-01,-2.047651448148706255e-01,-3.270974690551282094e-01,8.624008506201799040e-01,-7.443082985594873247e-01,9.999999999999998890e-01
-9.459256601233146933e-01,-8.461787295026197420e-01,-5.979008715430131904e-01,3.514510346052194256e-01,4.854182280393007365e-02,1.000000000000000000e+00
-3.422622725813057598e-01,8.901589582563572689e-01,-2.542530201068133877e-01,9.999999819239059340e-01,-1.804954611180529037e-02,5.758800139472665114e-01
-4.667234206209319169e-01,1.564411109321763027e-01,-3.591907354622269621e-01,7.719823828855092440e-01,5.444317632378835592e-01,-1.113231845745706189e-01
1.330790150643018366e-01,1.000000000000000000e+00,-2.542525718628776965e-01,1.000000000000000000e+00,-1.000000000000000000e+00,1.000000000000000000e+00
1.647648299518123527e-01,9.999999999999996669e-01,8.198612392330671683e-02,9.999999999999995559e-01,1.000000000000000000e+00,1.000000000000000000e+00
-8.918421899549088261e-01,-7.363600465533753914e-01,-6.225697518642022699e-01,3.050627521933265696e-01,2.898528393557498473e-01,4.450970763683325115e-01
-8.973564769707738087e-01,-7.160120164749974592e-01,-6.588213201557046039e-01,2.366633803802498381e-01,-9.999999999999997780e-01,2.341345057966295190e-02
-3.735052575917032769e-01,7.730584858137300452e-01,-2.542764777780875396e-01,9.999999999999998890e-01,3.585478798474368567e-01,1.000000000000000000e+00
5.573256724805670387e-02,1.000000000000000000e+00,-2.542764777780882612e-01,1.000000000000000000e+00,1.788750728266763068e-01,1.000000000000000000e+00
-7.882744649660730074e-01,-4.037403536915571967e-01,-4.155957268127831172e-01,6.956240584248885028e-01,-1.278765627348222578e-01,1.000000000000000000e+00
-1.266992225353850421e-01,9.999999999999997780e-01,-2.542764777780932572e-01,9.999999999999998890e-01,1.876105219767190968e-01,9.999999999999998890e-01
-8.344144086260327775e-01,-5.340262868385567963e-01,-4.689642471907005672e-01,5.949287369570258610e-01,-8.467077355667983196e-02,9.999999999999998890e-01
-4.042715925163732349e-01,6.888659133224956932e-01,-2.542764777781028052e-01,1.000000000000000000e+00,1.702509354514914197e-01,1.000000000000000000e+00
8.240355253538966807e-02,1.000000000000000000e+00,-2.542831056236782850e-01,1.000000000000000000e+00,1.000000000000000000e+00,1.000000000000000000e+00
-5.444617132398904547e-01,2.812000617433363936e-01,-2.542831056232855436e-01,9.999999999999998890e-01,2.678046758773534597e-01,1.000000000000000000e+00
-5.794381608507129799e-01,1.829103798315949436e-01,-2.542831056231525388e-01,1.000000000000000000e+00,-3.428851545090286779e-01,1.000000000000000000e+00
8.521231006711350864e-02,9.999999999999998890e-01,-2.542831056235175247e-01,1.000000000000000000e+00,7.534318837238520583e-01,1.000000000000000000e+00
1.661532846778081551e-01,1.000000000000000000e+00,-2.542831056233313958e-01,9.999999999999998890e-01,1.030504847841514221e-01,1.000000000000000000e+00
-3.068155898715943519e-01,9.549839500884855781e-01,-2.542831056232784936e-01,1.000000000000000000e+00,2.072467561569641403e-01,1.000000000000000000e+00
1.661903304889025546e-01,9.999999999999998890e-01,-2.542849775225309861e-01,1.000000000000000000e+00,4.142962813515171372e-01,9.999999999999997780e-01
1.661908571729928674e-01,9.999999999999997780e-01,-2.542849775225147768e-01,9.999999999999998890e-01,3.333179487755210113e-01,9.999999999999998890e-01
-3.286336996863519211e-01,8.999216025405375463e-01,-2.542849775226668774e-01,9.999999999999998890e-01,9.999999999999997780e-01,9.999999999999998890e-01
-1.142866741507518880e-01,1.000000000000000000e+00,-2.542849775224419462e-01,1.000000000000000000e+00,-2.091376666265272743e-01,1.000000000000000000e+00
-5.996142753307606155e-01,1.339827370028142950e-01,-2.542849775224642062e-01,1.000000000000000000e+00,2.495641193845779537e-02,9.999999999999998890e-01
-8.896471814604527406e-01,-6.888955792274766843e-01,-5.351933823271494139e-01,4.699841418784204139e-01,1.321942573266322585e-01,1.000000000000000000e+00
-3.870391882162075529e-03,1.000000000000000000e+00,-2.542855062017577161e-01,1.000000000000000000e+00,7.583487915540524371e-01,9.999999999999998890e-01
-1.251313046920912442e-01,9.999999999999998890e-01,-2.542855062016954326e-01,9.999999999999998890e-01,1.000000000000000000e+00,9.999999999999998890e-01
-3.587299161921068680e-01,8.162092089371304482e-01,-2.542855062019017676e-01,1.000000000000000000e+00,-1.556665496338990318e-01,9.999999999999998890e-01
-3.552063237661126638e-01,8.264303181609183868e-01,-2.542855062018568035e-01,1.000000000000000000e+00,-6.493377601690658585e-01,9.999999999999998890e-01
-2.969213907689011722e-01,1.000000000000000000e+00,-2.542855062017782553e-01,9.999999999999998890e-01,-1.000000000000000000e+00,6.179900371924496039e-01
1.655587326150686489e-01,1.000000000000000000e+00,-2.542855062018546386e-01,1.000000000000000000e+00,-6.313629122963104745e-01,9.999999999999998890e-01
-2.237294714026778208e-01,9.999999999999998890e-01,-2.542856555168110932e-01,9.999999999999997780e-01,4.269896111598042165e-01,1.000000000000000000e+00
-4.645868863863686360e-01,5.100192464352550914e-01,-2.542856555167906096e-01,9.999999999999998890e-01,8.303678295069746862e-02,9.999999999999996669e-01
-4.456339236998932418e-01,5.642666440136449024e-01,-2.542856555167918864e-01,9.999999999999996669e-01,1.709502475486264772e-01,9.999999999999998890e-01
2.945376370114035497e-02,9.999999999999996669e-01,-2.542856555167483101e-01,1.000000000000000000e+00,-5.867306266265061021e-01,9.999999999999996669e-01
1.659195627810349516e-01,9.999999999999997780e-01,-2.542856555169160648e-01,1.000000000000000000e+00,8.728580864007989826e-01,1.000000000000000000e+00
-9.057809715511436766e-01,-7.445601332054850863e-01,-5.697694769286485439e-01,4.047475067710187280e-01,-1.000000000000000000e+00,7.633308018027389341e-01
-6.975161130913695162e-01,-1.464416581378499560e-01,-3.114943094643836119e-01,8.920592230624450059e-01,-3.246672076713231214e-01,9.999999999999998890e-01
-9.497321208336395593e-01,-8.585560507591415424e-01,-6.036305283861713722e-01,3.408588100017269085e-01,-5.785505744059284833e-02,1.000000000000000000e+00
-4.109878015937830087e-01,6.657807010898476596e-01,-2.542856976875602082e-01,1.000000000000000000e+00,-5.384986188783513761e-01,9.999999999999997780e-01
-6.321665322143336097e-01,4.078672418402578409e-02,-2.542856976873901220e-01,9.999999999999998890e-01,7.139332798559219206e-01,9.999999999999997780e-01
-1.571437152077338195e-01,1.000000000000000000e+00,-2.542856976874990349e-01,9.999999999999998890e-01,5.997902547012504693e-01,1.000000000000000000e+00
-2.388000317893816393e-01,1.000000000000000000e+00,-2.542856976875883523e-01,1.000000000000000000e+00,4.705762700387449565e-02,1.000000000000000000e+00
-2.813851674879391251e-01,1.000000000000000000e+00,-2.542857095979017545e-01,9.999999999999997780e-01,-6.737196266981672343e-02,1.000000000000000000e+00
-6.965590447484019121e-01,-1.403817772967174415e-01,-3.193821337366063440e-01,8.771765582292551100e-01,4.075035342510689995e-01,1.000000000000000000e+00
-6.837599794022577449e-01,-1.032358383079867298e-01,-2.976090090977028257e-01,9.182579254716912720e-01,-1.000000000000000000e+00,9.090397122042362943e-01
9.154454321931677907e-02,9.999999999999998890e-01,-2.542857095979062509e-01,1.000000000000000000e+00,-1.103549960892314663e-01,1.000000000000000000e+00
-3.776072277057088145e-01,7.638483331620966599e-01,-2.542857095982676285e-01,1.000000000000000000e+00,9.999999999999997780e-01,9.999999999999998890e-01
-5.919569844872200060e-01,1.571273233017199678e-01,-2.542857095982950510e-01,9.999999999999998890e-01,9.036929612855183480e-01,9.999999999999998890e-01
-6.841460859420585017e-01,-1.131046887118950933e-01,-2.956886673350052619e-01,9.218812181641948822e-01,-1.000000000000000000e+00,9.360933844262739889e-01
-4.281792996378495642e-01,6.139409562940264520e-01,-2.542857129617451251e-01,9.999999999999998890e-01,4.054379868876945014e-01,1.000000000000000000e+00
-3.783965729959226643e-01,7.538322576936326014e-01,-2.542857129617967504e-01,9.999999999999997780e-01,-3.588806568681572884e-01,9.999999999999998890e-01
-9.570208044900992139e-02,1.000000000000000000e+00,-2.542857129617258072e-01,1.000000000000000000e+00,7.422783436748590091e-01,1.000000000000000000e+00
-9.074655991458836501e-01,-7.448318144873012914e-01,-5.682559126655658543e-01,4.076033967862015550e-01,-9.999999999999998890e-01,7.852039145428910683e-01
-4.656433172182740665e-01,5.058381961712521413e-01,-2.542857129617729917e-01,1.000000000000000000e+00,-3.604891902462824954e-02,9.999999999999998890e-01
-5.957316968548232762e-03,9.999999999999998890e-01,-2.542857139119198417e-01,9.999999999999997780e-01,9.999999999999998890e-01,1.000000000000000000e+00
-3.661846276957451130e-01,7.939861252992780338e-01,-2.542857139118029353e-01,1.000000000000000000e+00,1.203461076807560426e-01,9.999999999999998890e-01
-5.831165529146339344e-01,1.795230527131974063e-01,-2.542857139117627452e-01,9.999999999999998890e-01,1.096446033363799311e-01,9.999999999999998890e-01
1.661873263284031066e-01,1.000000000000000000e+00,-2.542857139117707388e-01,9.999999999999998890e-01,-5.297005533329219862e-01,1.000000000000000000e+00
-5.317862235937921289e-01,3.265918886555165268e-01,-2.542857139118355758e-01,1.000000000000000000e+00,1.000000000000000000e+00,1.000000000000000000e+00
-2.930034684907018017e-01,9.999999999999998890e-01,-2.542857139117271070e-01,9.999999999999998890e-01,-1.000000000000000000e+00,6.050034917186690731e-01
-2.130470364481328038e-01,1.000000000000000000e+00,-2.542857141800762277e-01,1.000000000000000000e+00,1.334612413781306461e-01,9.999999999999997780e-01
-1.994492439780907456e-01,1.000000000000000000e+00,-2.542857141800205500e-01,1.000000000000000000e+00,1.000000000000000000e+00,1.000000000000000000e+00
-6.958930580691059797e-02,1.000000000000000000e+00,-2.542857141800091703e-01,1.000000000000000000e+00,1.000000000000000000e+00,9.999999999999998890e-01
-4.185357838699179656e-01,6.483982361283284757e-01,-2.542857141801231347e-01,9.999999999999998890e-01,-1.809083631990130725e-01,9.999999999999997780e-01
-4.345349827607375426e-02,1.000000000000000000e+00,-2.542857141800470289e-01,9.999999999999997780e-01,3.250325431917814312e-01,9.999999999999996669e-01
-3.073859547200469278e-01,9.621315000750281232e-01,-2.542857141800343168e-01,9.999999999999998890e-01,1.000000000000000000e+00,1.000000000000000000e+00
-8.656331781293018501e-01,-6.241388336508766344e-01,-5.045418640693206669e-01,5.278185852571519732e-01,-7.962984022648561533e-02,1.000000000000000000e+00
-8.421465093995247897e-02,1.000000000000000000e+00,-2.542857142558143102e-01,9.999999999999998890e-01,-4.253739310176482546e-02,1.000000000000000000e+00
-1.420861312134581167e-01,1.000000000000000000e+00,-2.542857142554071359e-01,9.999999999999998890e-01,7.638231492138278789e-01,9.999999999999998890e-01
-5.962647540169685456e-01,1.396188318724278510e-01,-2.542857142551923078e-01,9.999999999999998890e-01,9.580728996434115796e-01,1.000000000000000000e+00
-2.040508790875685818e-01,9.999999999999997780e-01,-2.542857142554691419e-01,1.000000000000000000e+00,6.860891980539860491e-01,1.000000000000000000e+00
-8.300778745272656689e-01,-5.237695762146152845e-01,-4.554256745905955750e-01,6.204906408779770066e-01,-6.795590346196986875e-01,9.999999999999998890e-01
-9.557666565261889735e-01,-8.752340169175196749e-01,-5.974727364995929824e-01,3.524773165613463433e-01,-9.864021487972827185e-01,1.000000000000000000e+00
8.770504029369903531e-02,9.999999999999997780e-01,-2.542857142769648915e-01,1.000000000000000000e+00,3.610809330283513696e-01,9.999999999999998890e-01
-5.617633512826073483e-01,2.412617418152446791e-01,-2.542857142767757650e-01,1.000000000000000000e+00,6.698470842854915563e-01,1.000000000000000000e+00
-3.574889309461767306e-01,8.195992284101568659e-01,-2.542857142764623490e-01,9.999999999999998890e-01,1.000000000000000000e+00,1.000000000000000000e+00
5.406334358926830064e-02,9.999999999999998890e-01,-2.542857142763691458e-01,1.000000000000000000e+00,9.999999999999998890e-01,9.999999999999998890e-01
-3.547751645732947212e-01,8.286324614507035724e-01,-2.542857142771886569e-01,1.000000000000000000e+00,-9.999999999999998890e-01,-5.506955633077185164e-01
